Common name,Scientific name,Trend,Goal,Report Group
American Kestrel,Falco sparverius,Moderate Decrease,Below Goal Range,Grassland Bird
Baird's Sparrow,Centronyx bairdii,Large Decrease,Below Goal Range,Grassland Bird
Bobolink,Dolichonyx oryzivorus,Large Decrease,Below Goal Range,Grassland Bird
Brewer's Sparrow,Spizella breweri,Little Change,Within Goal Range,Grassland Bird
Burrowing Owl,Athene cunicularia,Large Decrease,Below Goal Range,Grassland Bird
Chestnut-collared Longspur,Calcarius ornatus,Large Decrease,Below Goal Range,Grassland Bird
Eastern Meadowlark,Sturnella magna,Large Decrease,Below Goal Range,Grassland Bird
Ferruginous Hawk,Buteo regalis,Large Increase,Within Goal Range,Grassland Bird
Grasshopper Sparrow,Ammodramus savannarum,Large Decrease,Below Goal Range,Grassland Bird
Greater Sage-Grouse,Centrocercus urophasianus,Large Decrease,Below Goal Range,Grassland Bird
Henslow's Sparrow,Centronyx henslowii,Large Decrease,Below Goal Range,Grassland Bird
Horned Lark,Eremophila alpestris,Large Decrease,Below Goal Range,Grassland Bird
Lark Bunting,Calamospiza melanocorys,Large Decrease,Below Goal Range,Grassland Bird
Lark Sparrow,Chondestes grammacus,Large Increase,Within Goal Range,Grassland Bird
LeConte's Sparrow,Ammospiza leconteii,Large Decrease,Below Goal Range,Grassland Bird
Long-billed Curlew,Numenius americanus,Moderate Decrease,Below Goal Range,Grassland Bird
Marbled Godwit,Limosa fedoa,Large Decrease,Below Goal Range,Grassland Bird
Mountain Plover,Anarhynchus montanus,Data Deficient,Data Deficient,Grassland Bird
Northern Bobwhite,Colinus virginianus,Large Decrease,Below Goal Range,Grassland Bird
Northern Harrier,Circus hudsonius,Large Decrease,Below Goal Range,Grassland Bird
Prairie Falcon,Falco mexicanus,Little Change,Within Goal Range,Grassland Bird
Savannah Sparrow,Passerculus sandwichensis,Large Decrease,Below Goal Range,Grassland Bird
Sharp-tailed Grouse,Tympanuchus phasianellus,Little Change,Within Goal Range,Grassland Bird
Short-eared Owl,Asio flammeus,Large Decrease,Below Goal Range,Grassland Bird
Sprague's Pipit,Anthus spragueii,Large Decrease,Below Goal Range,Grassland Bird
Swainson's Hawk,Buteo swainsoni,Moderate Increase,Within Goal Range,Grassland Bird
Thick-billed Longspur,Rhynchophanes mccownii,Large Decrease,Below Goal Range,Grassland Bird
Upland Sandpiper,Bartramia longicauda,Moderate Increase,Within Goal Range,Grassland Bird
Vesper Sparrow,Pooecetes gramineus,Large Decrease,Below Goal Range,Grassland Bird
Western Kingbird,Tyrannus verticalis,Little Change,Within Goal Range,Grassland Bird
Western Meadowlark,Sturnella neglecta,Large Decrease,Below Goal Range,Grassland Bird
Willet,Tringa semipalmata,Little Change,Within Goal Range,Grassland Bird
American Black Duck,Anas rubripes,Moderate Decrease,Below Goal Range,Waterfowl
American Wigeon,Mareca americana,Moderate Decrease,Below Goal Range,Waterfowl
Barrow's Goldeneye,Bucephala islandica,Moderate Increase,Within Goal Range,Waterfowl
Black Scoter,Melanitta americana,Large Decrease,Below Goal Range,Waterfowl
Blue-winged Teal,Spatula discors,Little Change,Within Goal Range,Waterfowl
Brant,Branta bernicla,Little Change,Within Goal Range,Waterfowl
Bufflehead,Bucephala albeola,Large Increase,Within Goal Range,Waterfowl
Cackling Goose,Branta hutchinsii,Large Increase,Within Goal Range,Waterfowl
Canada Goose,Branta canadensis,Large Increase,Within Goal Range,Waterfowl
Canvasback,Aythya valisineria,Little Change,Within Goal Range,Waterfowl
Cinnamon Teal,Spatula cyanoptera,Moderate Increase,Within Goal Range,Waterfowl
Common Eider,Somateria mollissima,Little Change,Within Goal Range,Waterfowl
Common Goldeneye,Bucephala clangula,Little Change,Within Goal Range,Waterfowl
Common Merganser,Mergus merganser,Moderate Increase,Within Goal Range,Waterfowl
Gadwall,Mareca strepera,Moderate Increase,Within Goal Range,Waterfowl
Greater Scaup,Aythya marila,Little Change,Within Goal Range,Waterfowl
Greater White-fronted Goose,Anser albifrons,Large Increase,Within Goal Range,Waterfowl
Green-winged Teal,Anas crecca,Little Change,Within Goal Range,Waterfowl
Harlequin Duck,Histrionicus histrionicus,Little Change,Within Goal Range,Waterfowl
Hooded Merganser,Lophodytes cucullatus,Large Increase,Within Goal Range,Waterfowl
King Eider,Somateria spectabilis,Large Decrease,Below Goal Range,Waterfowl
Lesser Scaup,Aythya affinis,Moderate Decrease,Below Goal Range,Waterfowl
Long-tailed Duck,Clangula hyemalis,Large Decrease,Below Goal Range,Waterfowl
Mallard,Anas platyrhynchos,Little Change,Within Goal Range,Waterfowl
Northern Pintail,Anas acuta,Large Decrease,Below Goal Range,Waterfowl
Northern Shoveler,Spatula clypeata,Little Change,Within Goal Range,Waterfowl
Red-breasted Merganser,Mergus serrator,Little Change,Within Goal Range,Waterfowl
Redhead,Aythya americana,Moderate Increase,Within Goal Range,Waterfowl
Ring-necked Duck,Aythya collaris,Large Increase,Within Goal Range,Waterfowl
Ross's Goose,Anser rossii,Large Increase,Above Goal Range,Waterfowl
Ruddy Duck,Oxyura jamaicensis,Large Increase,Within Goal Range,Waterfowl
Snow Goose,Anser caerulescens,Large Increase,Above Goal Range,Waterfowl
Surf Scoter,Melanitta perspicillata,Little Change,Within Goal Range,Waterfowl
Trumpeter Swan,Cygnus buccinator,Large Increase,Within Goal Range,Waterfowl
Tundra Swan,Cygnus columbianus,Moderate Increase,Within Goal Range,Waterfowl
White-winged Scoter,Melanitta deglandi,Moderate Decrease,Below Goal Range,Waterfowl
Wood Duck,Aix sponsa,Large Increase,Within Goal Range,Waterfowl
American Goshawk,Accipiter atricapillus,Little Change,Within Goal Range,Bird of Prey
American Kestrel,Falco sparverius,Moderate Decrease,Below Goal Range,Bird of Prey
Bald Eagle,Haliaeetus leucocephalus,Large Increase,Within Goal Range,Bird of Prey
Barn Owl,Tyto alba,Little Change,Within Goal Range,Bird of Prey
Barred Owl,Strix varia,Large Increase,Within Goal Range,Bird of Prey
Boreal Owl,Aegolius funereus,Data Deficient,Data Deficient,Bird of Prey
Broad-winged Hawk,Buteo platypterus,Large Increase,Within Goal Range,Bird of Prey
Burrowing Owl,Athene cunicularia,Large Decrease,Below Goal Range,Bird of Prey
Cooper's Hawk,Accipiter cooperii,Little Change,Within Goal Range,Bird of Prey
Eastern Screech-Owl,Megascops asio,Large Increase,Within Goal Range,Bird of Prey
Ferruginous Hawk,Buteo regalis,Large Increase,Within Goal Range,Bird of Prey
Flammulated Owl,Psiloscops flammeolus,Data Deficient,Data Deficient,Bird of Prey
Golden Eagle,Aquila chrysaetos,Little Change,Within Goal Range,Bird of Prey
Great Gray Owl,Strix nebulosa,Large Increase,Within Goal Range,Bird of Prey
Great Horned Owl,Bubo virginianus,Large Decrease,Below Goal Range,Bird of Prey
Gyrfalcon,Falco rusticolus,Moderate Decrease,Below Goal Range,Bird of Prey
Long-eared Owl,Asio otus,Little Change,Within Goal Range,Bird of Prey
Merlin,Falco columbarius,Large Increase,Within Goal Range,Bird of Prey
Northern Harrier,Circus hudsonius,Large Decrease,Below Goal Range,Bird of Prey
Northern Hawk Owl,Surnia ulula,Moderate Increase,Within Goal Range,Bird of Prey
Northern Pygmy-Owl,Glaucidium gnoma,Moderate Increase,Within Goal Range,Bird of Prey
Northern Saw-whet Owl,Aegolius acadicus,Large Increase,Within Goal Range,Bird of Prey
Osprey,Pandion haliaetus,Large Increase,Within Goal Range,Bird of Prey
Peregrine Falcon,Falco peregrinus,Large Increase,Within Goal Range,Bird of Prey
Prairie Falcon,Falco mexicanus,Little Change,Within Goal Range,Bird of Prey
Red-shouldered Hawk,Buteo lineatus,Moderate Increase,Within Goal Range,Bird of Prey
Red-tailed Hawk,Buteo jamaicensis,Moderate Increase,Within Goal Range,Bird of Prey
Rough-legged Hawk,Buteo lagopus,Little Change,Within Goal Range,Bird of Prey
Sharp-shinned Hawk,Accipiter striatus,Moderate Increase,Within Goal Range,Bird of Prey
Short-eared Owl,Asio flammeus,Large Decrease,Below Goal Range,Bird of Prey
Snowy Owl,Bubo scandiacus,Large Decrease,Below Goal Range,Bird of Prey
Spotted Owl,Strix occidentalis,Large Decrease,Below Goal Range,Bird of Prey
Swainson's Hawk,Buteo swainsoni,Moderate Increase,Within Goal Range,Bird of Prey
Turkey Vulture,Cathartes aura,Large Increase,Within Goal Range,Bird of Prey
Western Screech-Owl,Megascops kennicottii,Large Decrease,Data Deficient,Bird of Prey
Alder Flycatcher,Empidonax alnorum,Little Change,Within Goal Range,Wetland Bird
American Avocet,Recurvirostra americana,Moderate Increase,Within Goal Range,Wetland Bird
American Bittern,Botaurus lentiginosus,Large Decrease,Below Goal Range,Wetland Bird
American Black Duck,Anas rubripes,Moderate Decrease,Below Goal Range,Wetland Bird
American Coot,Fulica americana,Moderate Decrease,Below Goal Range,Wetland Bird
American White Pelican,Pelecanus erythrorhynchos,Large Increase,Within Goal Range,Wetland Bird
American Wigeon,Mareca americana,Moderate Decrease,Below Goal Range,Wetland Bird
Barrow's Goldeneye,Bucephala islandica,Moderate Increase,Within Goal Range,Wetland Bird
Belted Kingfisher,Megaceryle alcyon,Moderate Decrease,Below Goal Range,Wetland Bird
Black Tern,Chlidonias niger,Large Decrease,Below Goal Range,Wetland Bird
Black-crowned Night Heron,Nycticorax nycticorax,Large Decrease,Below Goal Range,Wetland Bird
Blue-winged Teal,Spatula discors,Little Change,Within Goal Range,Wetland Bird
California Gull,Larus californicus,Moderate Decrease,Below Goal Range,Wetland Bird
Canada Goose,Branta canadensis,Large Increase,Within Goal Range,Wetland Bird
Canvasback,Aythya valisineria,Little Change,Within Goal Range,Wetland Bird
Caspian Tern,Hydroprogne caspia,Large Increase,Within Goal Range,Wetland Bird
Cinnamon Teal,Spatula cyanoptera,Moderate Increase,Within Goal Range,Wetland Bird
Clark's Grebe,Aechmophorus clarkii,Data Deficient,Data Deficient,Wetland Bird
Common Gallinule,Gallinula galeata,Large Decrease,Below Goal Range,Wetland Bird
Common Goldeneye,Bucephala clangula,Little Change,Within Goal Range,Wetland Bird
Common Loon,Gavia immer,Moderate Increase,Within Goal Range,Wetland Bird
Common Merganser,Mergus merganser,Moderate Increase,Within Goal Range,Wetland Bird
Common Tern,Sterna hirundo,Moderate Decrease,Below Goal Range,Wetland Bird
Common Yellowthroat,Geothlypis trichas,Little Change,Within Goal Range,Wetland Bird
Double-crested Cormorant,Nannopterum auritum,Large Increase,Within Goal Range,Wetland Bird
Eared Grebe,Podiceps nigricollis,Large Increase,Within Goal Range,Wetland Bird
Forster's Tern,Sterna forsteri,Moderate Decrease,Below Goal Range,Wetland Bird
Franklin's Gull,Leucophaeus pipixcan,Moderate Decrease,Below Goal Range,Wetland Bird
Gadwall,Mareca strepera,Moderate Increase,Within Goal Range,Wetland Bird
Great Blue Heron,Ardea herodias,Little Change,Within Goal Range,Wetland Bird
Green Heron,Butorides virescens,Moderate Decrease,Below Goal Range,Wetland Bird
Green-winged Teal,Anas crecca,Little Change,Within Goal Range,Wetland Bird
Hooded Merganser,Lophodytes cucullatus,Large Increase,Within Goal Range,Wetland Bird
Horned Grebe,Podiceps auritus,Little Change,Within Goal Range,Wetland Bird
King Rail,Rallus elegans,Data Deficient,Data Deficient,Wetland Bird
Least Bittern,Ixobrychus exilis,Little Change,Within Goal Range,Wetland Bird
Mallard,Anas platyrhynchos,Little Change,Within Goal Range,Wetland Bird
Marsh Wren,Cistothorus palustris,Large Increase,Within Goal Range,Wetland Bird
Nelson's Sparrow,Ammospiza nelsoni,Little Change,Within Goal Range,Wetland Bird
Northern Pintail,Anas acuta,Large Decrease,Below Goal Range,Wetland Bird
Northern Shoveler,Spatula clypeata,Little Change,Within Goal Range,Wetland Bird
Pied-billed Grebe,Podilymbus podiceps,Little Change,Within Goal Range,Wetland Bird
Red-necked Grebe,Podiceps grisegena,Moderate Increase,Within Goal Range,Wetland Bird
Red-winged Blackbird,Agelaius phoeniceus,Little Change,Within Goal Range,Wetland Bird
Redhead,Aythya americana,Moderate Increase,Within Goal Range,Wetland Bird
Ring-billed Gull,Larus delawarensis,Large Increase,Within Goal Range,Wetland Bird
Ring-necked Duck,Aythya collaris,Large Increase,Within Goal Range,Wetland Bird
Ruddy Duck,Oxyura jamaicensis,Large Increase,Within Goal Range,Wetland Bird
Sandhill Crane,Antigone canadensis,Large Increase,Within Goal Range,Wetland Bird
Sedge Wren,Cistothorus stellaris,Little Change,Within Goal Range,Wetland Bird
Snowy Egret,Egretta thula,Data Deficient,Data Deficient,Wetland Bird
Sora,Porzana carolina,Little Change,Within Goal Range,Wetland Bird
Spotted Sandpiper,Actitis macularius,Large Decrease,Below Goal Range,Wetland Bird
Swamp Sparrow,Melospiza georgiana,Moderate Increase,Within Goal Range,Wetland Bird
Trumpeter Swan,Cygnus buccinator,Large Increase,Within Goal Range,Wetland Bird
Virginia Rail,Rallus limicola,Large Increase,Within Goal Range,Wetland Bird
Western Cattle Egret,Bubulcus ibis,Data Deficient,To be determined,Wetland Bird
Western Grebe,Aechmophorus occidentalis,Little Change,Within Goal Range,Wetland Bird
Willet,Tringa semipalmata,Little Change,Within Goal Range,Wetland Bird
Willow Flycatcher,Empidonax traillii,Moderate Decrease,Below Goal Range,Wetland Bird
Wilson's Phalarope,Phalaropus tricolor,Little Change,Within Goal Range,Wetland Bird
Wood Duck,Aix sponsa,Large Increase,Within Goal Range,Wetland Bird
Yellow-headed Blackbird,Xanthocephalus xanthocephalus,Moderate Increase,Within Goal Range,Wetland Bird
Ancient Murrelet,Synthliboramphus antiquus,Moderate Increase,Within Goal Range,Marine Bird
Arctic Tern,Sterna paradisaea,Data Deficient,Data Deficient,Marine Bird
Atlantic Puffin,Fratercula arctica,Moderate Increase,Within Goal Range,Marine Bird
Barrow's Goldeneye,Bucephala islandica,Moderate Increase,Within Goal Range,Marine Bird
Bermuda Petrel,Pterodroma cahow,Data Deficient,Data Deficient,Marine Bird
Black Guillemot,Cepphus grylle,Large Increase,Within Goal Range,Marine Bird
Black Scoter,Melanitta americana,Large Decrease,Below Goal Range,Marine Bird
Black Tern,Chlidonias niger,Large Decrease,Below Goal Range,Marine Bird
Black-footed Albatross,Phoebastria nigripes,Little Change,Data Deficient,Marine Bird
Black-headed Gull,Chroicocephalus ridibundus,Data Deficient,Data Deficient,Marine Bird
Black-legged Kittiwake,Rissa tridactyla,Moderate Decrease,Below Goal Range,Marine Bird
Brandt's Cormorant,Urile penicillatus,Little Change,Within Goal Range,Marine Bird
Brant,Branta bernicla,Little Change,Within Goal Range,Marine Bird
Brown Pelican,Pelecanus occidentalis,Data Deficient,Data Deficient,Marine Bird
Bufflehead,Bucephala albeola,Large Increase,Within Goal Range,Marine Bird
Buller's Shearwater,Ardenna bulleri,Data Deficient,Data Deficient,Marine Bird
California Gull,Larus californicus,Moderate Decrease,Below Goal Range,Marine Bird
Caspian Tern,Hydroprogne caspia,Large Increase,Within Goal Range,Marine Bird
Cassin's Auklet,Ptychoramphus aleuticus,Moderate Decrease,Below Goal Range,Marine Bird
Clark's Grebe,Aechmophorus clarkii,Data Deficient,Data Deficient,Marine Bird
Common Eider,Somateria mollissima,Little Change,Within Goal Range,Marine Bird
Common Goldeneye,Bucephala clangula,Little Change,Within Goal Range,Marine Bird
Common Loon,Gavia immer,Moderate Increase,Within Goal Range,Marine Bird
Common Murre,Uria aalge,Little Change,Within Goal Range,Marine Bird
Common Tern,Sterna hirundo,Moderate Decrease,Below Goal Range,Marine Bird
Cory's Shearwater,Calonectris diomedea,Data Deficient,Data Deficient,Marine Bird
Double-crested Cormorant,Nannopterum auritum,Large Increase,Within Goal Range,Marine Bird
Dovekie,Alle alle,Data Deficient,Data Deficient,Marine Bird
Eared Grebe,Podiceps nigricollis,Large Increase,Within Goal Range,Marine Bird
Flesh-footed Shearwater,Ardenna carneipes,Data Deficient,Data Deficient,Marine Bird
Fork-tailed Storm-Petrel,Hydrobates furcatus,Data Deficient,Data Deficient,Marine Bird
Forster's Tern,Sterna forsteri,Moderate Decrease,Below Goal Range,Marine Bird
Glaucous Gull,Larus hyperboreus,Large Decrease,Below Goal Range,Marine Bird
Glaucous-winged Gull,Larus glaucescens,Moderate Decrease,Below Goal Range,Marine Bird
Great Black-backed Gull,Larus marinus,Large Decrease,Below Goal Range,Marine Bird
Great Cormorant,Phalacrocorax carbo,Little Change,Within Goal Range,Marine Bird
Great Shearwater,Ardenna gravis,Data Deficient,Data Deficient,Marine Bird
Great Skua,Stercorarius skua,Data Deficient,Data Deficient,Marine Bird
Greater Scaup,Aythya marila,Little Change,Within Goal Range,Marine Bird
Harlequin Duck,Histrionicus histrionicus,Little Change,Within Goal Range,Marine Bird
Heermann's Gull,Larus heermanni,Moderate Increase,Within Goal Range,Marine Bird
Herring Gull,Larus argentatus,Large Decrease,Below Goal Range,Marine Bird
Horned Grebe,Podiceps auritus,Little Change,Within Goal Range,Marine Bird
Horned Puffin,Fratercula corniculata,Data Deficient,Data Deficient,Marine Bird
Iceland Gull,Larus glaucoides,Large Increase,Within Goal Range,Marine Bird
Ivory Gull,Pagophila eburnea,Large Decrease,Below Goal Range,Marine Bird
King Eider,Somateria spectabilis,Large Decrease,Below Goal Range,Marine Bird
Laughing Gull,Leucophaeus atricilla,Data Deficient,Data Deficient,Marine Bird
Laysan Albatross,Phoebastria immutabilis,Data Deficient,Data Deficient,Marine Bird
Leach's Storm-Petrel,Hydrobates leucorhous,Large Decrease,Below Goal Range,Marine Bird
Lesser Black-backed Gull,Larus fuscus,Large Increase,Within Goal Range,Marine Bird
Long-tailed Duck,Clangula hyemalis,Large Decrease,Below Goal Range,Marine Bird
Long-tailed Jaeger,Stercorarius longicaudus,Data Deficient,Data Deficient,Marine Bird
Manx Shearwater,Puffinus puffinus,Data Deficient,Data Deficient,Marine Bird
Marbled Murrelet,Brachyramphus marmoratus,Large Decrease,Below Goal Range,Marine Bird
Northern Fulmar,Fulmarus glacialis,Large Decrease,Below Goal Range,Marine Bird
Northern Gannet,Morus bassanus,Large Increase,Within Goal Range,Marine Bird
Pacific Loon,Gavia pacifica,Little Change,Within Goal Range,Marine Bird
Parasitic Jaeger,Stercorarius parasiticus,Data Deficient,Data Deficient,Marine Bird
Pelagic Cormorant,Urile pelagicus,Moderate Decrease,Below Goal Range,Marine Bird
Pigeon Guillemot,Cepphus columba,Large Decrease,Below Goal Range,Marine Bird
Pink-footed Shearwater,Ardenna creatopus,Data Deficient,Data Deficient,Marine Bird
Pomarine Jaeger,Stercorarius pomarinus,Data Deficient,Data Deficient,Marine Bird
Razorbill,Alca torda,Large Increase,Within Goal Range,Marine Bird
Red Phalarope,Phalaropus fulicarius,Data Deficient,Data Deficient,Marine Bird
Red-breasted Merganser,Mergus serrator,Little Change,Within Goal Range,Marine Bird
Red-necked Grebe,Podiceps grisegena,Moderate Increase,Within Goal Range,Marine Bird
Red-necked Phalarope,Phalaropus lobatus,Data Deficient,Data Deficient,Marine Bird
Red-throated Loon,Gavia stellata,Large Increase,Within Goal Range,Marine Bird
Rhinoceros Auklet,Cerorhinca monocerata,Little Change,Within Goal Range,Marine Bird
Roseate Tern,Sterna dougallii,Large Decrease,Below Goal Range,Marine Bird
Ross's Gull,Rhodostethia rosea,Little Change,Data Deficient,Marine Bird
Sabine's Gull,Xema sabini,Data Deficient,Data Deficient,Marine Bird
Short-billed Gull,Larus brachyrhynchus,Large Decrease,Below Goal Range,Marine Bird
Short-tailed Albatross,Phoebastria albatrus,Data Deficient,Data Deficient,Marine Bird
Short-tailed Shearwater,Ardenna tenuirostris,Data Deficient,Data Deficient,Marine Bird
Sooty Shearwater,Ardenna grisea,Data Deficient,Data Deficient,Marine Bird
South Polar Skua,Stercorarius maccormicki,Data Deficient,Data Deficient,Marine Bird
Surf Scoter,Melanitta perspicillata,Little Change,Within Goal Range,Marine Bird
Thick-billed Murre,Uria lomvia,Moderate Increase,Within Goal Range,Marine Bird
Tufted Puffin,Fratercula cirrhata,Little Change,Within Goal Range,Marine Bird
Western Grebe,Aechmophorus occidentalis,Little Change,Within Goal Range,Marine Bird
Western Gull,Larus occidentalis,Large Increase,Below Goal Range,Marine Bird
White-winged Scoter,Melanitta deglandi,Moderate Decrease,Below Goal Range,Marine Bird
Wilson's Storm-Petrel,Oceanites oceanicus,Data Deficient,Data Deficient,Marine Bird
Yellow-billed Loon,Gavia adamsii,Large Decrease,Below Goal Range,Marine Bird
Acadian Flycatcher,Empidonax virescens,Moderate Decrease,Within Goal Range,Forest Bird
American Goshawk,Accipiter atricapillus,Little Change,Within Goal Range,Forest Bird
American Redstart,Setophaga ruticilla,Little Change,Within Goal Range,Forest Bird
American Three-toed Woodpecker,Picoides dorsalis,Moderate Decrease,Below Goal Range,Forest Bird
Band-tailed Pigeon,Patagioenas fasciata,Large Decrease,Below Goal Range,Forest Bird
Barred Owl,Strix varia,Large Increase,Within Goal Range,Forest Bird
Bay-breasted Warbler,Setophaga castanea,Little Change,Within Goal Range,Forest Bird
Bicknell's Thrush,Catharus bicknelli,Large Decrease,Data Deficient,Forest Bird
Black-and-white Warbler,Mniotilta varia,Little Change,Within Goal Range,Forest Bird
Black-backed Woodpecker,Picoides arcticus,Little Change,Within Goal Range,Forest Bird
Black-capped Chickadee,Poecile atricapillus,Moderate Increase,Within Goal Range,Forest Bird
Black-headed Grosbeak,Pheucticus melanocephalus,Moderate Increase,Within Goal Range,Forest Bird
Black-throated Blue Warbler,Setophaga caerulescens,Moderate Increase,Within Goal Range,Forest Bird
Black-throated Gray Warbler,Setophaga nigrescens,Moderate Decrease,Below Goal Range,Forest Bird
Black-throated Green Warbler,Setophaga virens,Moderate Decrease,Within Goal Range,Forest Bird
Blackburnian Warbler,Setophaga fusca,Little Change,Within Goal Range,Forest Bird
Blackpoll Warbler,Setophaga striata,Large Decrease,Below Goal Range,Forest Bird
Blue-headed Vireo,Vireo solitarius,Large Increase,Within Goal Range,Forest Bird
Bohemian Waxwing,Bombycilla garrulus,Moderate Decrease,Below Goal Range,Forest Bird
Boreal Chickadee,Poecile hudsonicus,Moderate Decrease,Below Goal Range,Forest Bird
Boreal Owl,Aegolius funereus,Data Deficient,Data Deficient,Forest Bird
Broad-winged Hawk,Buteo platypterus,Large Increase,Within Goal Range,Forest Bird
Brown Creeper,Certhia americana,Moderate Increase,Within Goal Range,Forest Bird
Canada Jay,Perisoreus canadensis,Little Change,Within Goal Range,Forest Bird
Canada Warbler,Cardellina canadensis,Large Decrease,Below Goal Range,Forest Bird
Cape May Warbler,Setophaga tigrina,Large Increase,Within Goal Range,Forest Bird
Cassin's Finch,Haemorhous cassinii,Moderate Decrease,Below Goal Range,Forest Bird
Cassin's Vireo,Vireo cassinii,Little Change,Within Goal Range,Forest Bird
Cerulean Warbler,Setophaga cerulea,Large Decrease,Below Goal Range,Forest Bird
Chestnut-backed Chickadee,Poecile rufescens,Moderate Decrease,Below Goal Range,Forest Bird
Chestnut-sided Warbler,Setophaga pensylvanica,Little Change,Within Goal Range,Forest Bird
Chuck-will's-widow,Antrostomus carolinensis,Data Deficient,Data Deficient,Forest Bird
Clark's Nutcracker,Nucifraga columbiana,Little Change,Within Goal Range,Forest Bird
Connecticut Warbler,Oporornis agilis,Large Decrease,Below Goal Range,Forest Bird
Cooper's Hawk,Accipiter cooperii,Little Change,Within Goal Range,Forest Bird
Dark-eyed Junco,Junco hyemalis,Little Change,Within Goal Range,Forest Bird
Downy Woodpecker,Dryobates pubescens,Little Change,Within Goal Range,Forest Bird
Dusky Flycatcher,Empidonax oberholseri,Moderate Decrease,Below Goal Range,Forest Bird
Dusky Grouse,Dendragapus obscurus,Large Decrease,Below Goal Range,Forest Bird
Eastern Screech-Owl,Megascops asio,Large Increase,Within Goal Range,Forest Bird
Eastern Whip-poor-will,Antrostomus vociferus,Moderate Decrease,Below Goal Range,Forest Bird
Eastern Wood-Pewee,Contopus virens,Large Decrease,Below Goal Range,Forest Bird
Evening Grosbeak,Coccothraustes vespertinus,Large Decrease,Below Goal Range,Forest Bird
Flammulated Owl,Psiloscops flammeolus,Data Deficient,Data Deficient,Forest Bird
Golden-crowned Kinglet,Regulus satrapa,Little Change,Below Goal Range,Forest Bird
Gray-cheeked Thrush,Catharus minimus,Large Decrease,Below Goal Range,Forest Bird
Great Crested Flycatcher,Myiarchus crinitus,Moderate Decrease,Below Goal Range,Forest Bird
Great Gray Owl,Strix nebulosa,Large Increase,Within Goal Range,Forest Bird
Hairy Woodpecker,Dryobates villosus,Moderate Increase,Within Goal Range,Forest Bird
Hammond's Flycatcher,Empidonax hammondii,Moderate Increase,Within Goal Range,Forest Bird
Hermit Thrush,Catharus guttatus,Large Decrease,Below Goal Range,Forest Bird
Hooded Warbler,Setophaga citrina,Large Increase,Within Goal Range,Forest Bird
Hutton's Vireo,Vireo huttoni,Large Increase,Within Goal Range,Forest Bird
Kirtland's Warbler,Setophaga kirtlandii,Moderate Increase,Data Deficient,Forest Bird
Least Flycatcher,Empidonax minimus,Moderate Decrease,Below Goal Range,Forest Bird
Lewis's Woodpecker,Melanerpes lewis,Moderate Decrease,Within Goal Range,Forest Bird
Long-eared Owl,Asio otus,Little Change,Within Goal Range,Forest Bird
Louisiana Waterthrush,Parkesia motacilla,Moderate Decrease,Within Goal Range,Forest Bird
MacGillivray's Warbler,Geothlypis tolmiei,Little Change,Below Goal Range,Forest Bird
Magnolia Warbler,Setophaga magnolia,Little Change,Within Goal Range,Forest Bird
Marbled Murrelet,Brachyramphus marmoratus,Large Decrease,Below Goal Range,Forest Bird
Mountain Chickadee,Poecile gambeli,Little Change,Within Goal Range,Forest Bird
Mourning Warbler,Geothlypis philadelphia,Large Decrease,Below Goal Range,Forest Bird
Nashville Warbler,Leiothlypis ruficapilla,Moderate Decrease,Below Goal Range,Forest Bird
Northern Hawk Owl,Surnia ulula,Moderate Increase,Within Goal Range,Forest Bird
Northern Parula,Setophaga americana,Large Increase,Within Goal Range,Forest Bird
Northern Pygmy-Owl,Glaucidium gnoma,Moderate Increase,Within Goal Range,Forest Bird
Northern Saw-whet Owl,Aegolius acadicus,Large Increase,Within Goal Range,Forest Bird
Northern Waterthrush,Parkesia noveboracensis,Moderate Increase,Within Goal Range,Forest Bird
Olive-sided Flycatcher,Contopus cooperi,Large Decrease,Below Goal Range,Forest Bird
Orange-crowned Warbler,Leiothlypis celata,Moderate Increase,Within Goal Range,Forest Bird
Ovenbird,Seiurus aurocapilla,Little Change,Within Goal Range,Forest Bird
Pacific Wren,Troglodytes pacificus,Little Change,Below Goal Range,Forest Bird
Philadelphia Vireo,Vireo philadelphicus,Large Increase,Within Goal Range,Forest Bird
Pileated Woodpecker,Dryocopus pileatus,Large Increase,Within Goal Range,Forest Bird
Pine Grosbeak,Pinicola enucleator,Moderate Increase,Within Goal Range,Forest Bird
Pine Siskin,Spinus pinus,Large Decrease,Below Goal Range,Forest Bird
Pine Warbler,Setophaga pinus,Large Increase,Within Goal Range,Forest Bird
Prothonotary Warbler,Protonotaria citrea,Large Decrease,Below Goal Range,Forest Bird
Purple Finch,Haemorhous purpureus,Moderate Decrease,Below Goal Range,Forest Bird
Pygmy Nuthatch,Sitta pygmaea,Little Change,Within Goal Range,Forest Bird
Red Crossbill,Loxia curvirostra,Little Change,Below Goal Range,Forest Bird
Red-breasted Nuthatch,Sitta canadensis,Large Increase,Within Goal Range,Forest Bird
Red-breasted Sapsucker,Sphyrapicus ruber,Large Increase,Within Goal Range,Forest Bird
Red-eyed Vireo,Vireo olivaceus,Moderate Increase,Within Goal Range,Forest Bird
Red-headed Woodpecker,Melanerpes erythrocephalus,Little Change,Within Goal Range,Forest Bird
Red-naped Sapsucker,Sphyrapicus nuchalis,Moderate Increase,Within Goal Range,Forest Bird
Red-shouldered Hawk,Buteo lineatus,Moderate Increase,Within Goal Range,Forest Bird
Rose-breasted Grosbeak,Pheucticus ludovicianus,Little Change,Below Goal Range,Forest Bird
Ruby-crowned Kinglet,Corthylio calendula,Little Change,Within Goal Range,Forest Bird
Ruby-throated Hummingbird,Archilochus colubris,Moderate Increase,Within Goal Range,Forest Bird
Ruffed Grouse,Bonasa umbellus,Little Change,Within Goal Range,Forest Bird
Scarlet Tanager,Piranga olivacea,Moderate Decrease,Below Goal Range,Forest Bird
Sharp-shinned Hawk,Accipiter striatus,Moderate Increase,Within Goal Range,Forest Bird
Sooty Grouse,Dendragapus fuliginosus,Large Decrease,Below Goal Range,Forest Bird
Spotted Owl,Strix occidentalis,Large Decrease,Below Goal Range,Forest Bird
Spruce Grouse,Canachites canadensis,Large Increase,Within Goal Range,Forest Bird
Steller's Jay,Cyanocitta stelleri,Little Change,Within Goal Range,Forest Bird
Swainson's Thrush,Catharus ustulatus,Little Change,Within Goal Range,Forest Bird
Tennessee Warbler,Leiothlypis peregrina,Little Change,Within Goal Range,Forest Bird
Townsend's Solitaire,Myadestes townsendi,Little Change,Within Goal Range,Forest Bird
Townsend's Warbler,Setophaga townsendi,Little Change,Within Goal Range,Forest Bird
Varied Thrush,Ixoreus naevius,Moderate Increase,Within Goal Range,Forest Bird
Vaux's Swift,Chaetura vauxi,Moderate Decrease,Below Goal Range,Forest Bird
Veery,Catharus fuscescens,Little Change,Within Goal Range,Forest Bird
Warbling Vireo,Vireo gilvus,Moderate Increase,Within Goal Range,Forest Bird
Western Screech-Owl,Megascops kennicottii,Large Decrease,Data Deficient,Forest Bird
Western Tanager,Piranga ludoviciana,Moderate Increase,Within Goal Range,Forest Bird
Western Wood-Pewee,Contopus sordidulus,Large Decrease,Below Goal Range,Forest Bird
White-breasted Nuthatch,Sitta carolinensis,Large Increase,Within Goal Range,Forest Bird
White-headed Woodpecker,Dryobates albolarvatus,Large Decrease,Not Applicable,Forest Bird
White-throated Sparrow,Zonotrichia albicollis,Moderate Decrease,Below Goal Range,Forest Bird
White-winged Crossbill,Loxia leucoptera,Little Change,Within Goal Range,Forest Bird
Williamson's Sapsucker,Sphyrapicus thyroideus,Data Deficient,Data Deficient,Forest Bird
Winter Wren,Troglodytes hiemalis,Little Change,Within Goal Range,Forest Bird
Wood Thrush,Hylocichla mustelina,Large Decrease,Below Goal Range,Forest Bird
Yellow-bellied Flycatcher,Empidonax flaviventris,Large Increase,Within Goal Range,Forest Bird
Yellow-bellied Sapsucker,Sphyrapicus varius,Little Change,Within Goal Range,Forest Bird
Yellow-rumped Warbler,Setophaga coronata,Little Change,Within Goal Range,Forest Bird
Yellow-throated Vireo,Vireo flavifrons,Large Increase,Within Goal Range,Forest Bird
American Golden-Plover,Pluvialis dominica,Large Decrease,Below Goal Range,Arctic Bird
Arctic Tern,Sterna paradisaea,Data Deficient,Data Deficient,Arctic Bird
Baird's Sandpiper,Calidris bairdii,Little Change,Within Goal Range,Arctic Bird
Black-bellied Plover,Pluvialis squatarola,Large Decrease,Below Goal Range,Arctic Bird
Bluethroat,Luscinia svecica,Data Deficient,Data Deficient,Arctic Bird
Brant,Branta bernicla,Little Change,Within Goal Range,Arctic Bird
Buff-breasted Sandpiper,Calidris subruficollis,Large Decrease,Below Goal Range,Arctic Bird
Cackling Goose,Branta hutchinsii,Large Increase,Within Goal Range,Arctic Bird
Common Eider,Somateria mollissima,Little Change,Within Goal Range,Arctic Bird
Common Redpoll,Acanthis flammea,Little Change,Within Goal Range,Arctic Bird
Common Ringed Plover,Charadrius hiaticula,Data Deficient,Data Deficient,Arctic Bird
Dovekie,Alle alle,Data Deficient,Data Deficient,Arctic Bird
Dunlin,Calidris alpina,Large Decrease,Below Goal Range,Arctic Bird
Eastern Yellow Wagtail,Motacilla tschutschensis,Data Deficient,Data Deficient,Arctic Bird
Eskimo Curlew,Numenius borealis,Data Deficient,Data Deficient,Arctic Bird
Glaucous Gull,Larus hyperboreus,Large Decrease,Below Goal Range,Arctic Bird
Gray-headed Chickadee,Poecile cinctus,Data Deficient,Data Deficient,Arctic Bird
Greater White-fronted Goose,Anser albifrons,Large Increase,Within Goal Range,Arctic Bird
Gyrfalcon,Falco rusticolus,Moderate Decrease,Below Goal Range,Arctic Bird
Harris's Sparrow,Zonotrichia querula,Large Decrease,Below Goal Range,Arctic Bird
Hoary Redpoll,Acanthis hornemanni,Little Change,Within Goal Range,Arctic Bird
Hudsonian Godwit,Limosa haemastica,Large Decrease,Below Goal Range,Arctic Bird
Iceland Gull,Larus glaucoides,Large Increase,Within Goal Range,Arctic Bird
Ivory Gull,Pagophila eburnea,Large Decrease,Below Goal Range,Arctic Bird
King Eider,Somateria spectabilis,Large Decrease,Below Goal Range,Arctic Bird
Lapland Longspur,Calcarius lapponicus,Large Increase,Within Goal Range,Arctic Bird
Least Sandpiper,Calidris minutilla,Little Change,Within Goal Range,Arctic Bird
Long-billed Dowitcher,Limnodromus scolopaceus,Large Decrease,Below Goal Range,Arctic Bird
Long-tailed Duck,Clangula hyemalis,Large Decrease,Below Goal Range,Arctic Bird
Long-tailed Jaeger,Stercorarius longicaudus,Data Deficient,Data Deficient,Arctic Bird
Northern Wheatear,Oenanthe oenanthe,Data Deficient,Data Deficient,Arctic Bird
Pacific Golden-Plover,Pluvialis fulva,Data Deficient,Data Deficient,Arctic Bird
Pacific Loon,Gavia pacifica,Little Change,Within Goal Range,Arctic Bird
Parasitic Jaeger,Stercorarius parasiticus,Data Deficient,Data Deficient,Arctic Bird
Pectoral Sandpiper,Calidris melanotos,Large Decrease,Below Goal Range,Arctic Bird
Peregrine Falcon,Falco peregrinus,Large Increase,Within Goal Range,Arctic Bird
Pomarine Jaeger,Stercorarius pomarinus,Data Deficient,Data Deficient,Arctic Bird
Purple Sandpiper,Calidris maritima,Moderate Decrease,Below Goal Range,Arctic Bird
Red Knot,Calidris canutus,Data Deficient,Data Deficient,Arctic Bird
Red Phalarope,Phalaropus fulicarius,Data Deficient,Data Deficient,Arctic Bird
Red-necked Phalarope,Phalaropus lobatus,Data Deficient,Data Deficient,Arctic Bird
Red-throated Loon,Gavia stellata,Large Increase,Within Goal Range,Arctic Bird
Rock Ptarmigan,Lagopus muta,Data Deficient,Data Deficient,Arctic Bird
Rock Sandpiper,Calidris ptilocnemis,Large Decrease,Below Goal Range,Arctic Bird
Ross's Goose,Anser rossii,Large Increase,Above Goal Range,Arctic Bird
Ross's Gull,Rhodostethia rosea,Little Change,Data Deficient,Arctic Bird
Rough-legged Hawk,Buteo lagopus,Little Change,Within Goal Range,Arctic Bird
Ruddy Turnstone,Arenaria interpres,Large Decrease,Below Goal Range,Arctic Bird
Sabine's Gull,Xema sabini,Data Deficient,Data Deficient,Arctic Bird
Sanderling,Calidris alba,Moderate Decrease,Below Goal Range,Arctic Bird
Semipalmated Plover,Charadrius semipalmatus,Moderate Decrease,Below Goal Range,Arctic Bird
Semipalmated Sandpiper,Calidris pusilla,Large Decrease,Below Goal Range,Arctic Bird
Sharp-tailed Sandpiper,Calidris acuminata,Data Deficient,Data Deficient,Arctic Bird
Smith's Longspur,Calcarius pictus,Large Increase,Within Goal Range,Arctic Bird
Snow Bunting,Plectrophenax nivalis,Large Decrease,Below Goal Range,Arctic Bird
Snow Goose,Anser caerulescens,Large Increase,Above Goal Range,Arctic Bird
Snowy Owl,Bubo scandiacus,Large Decrease,Below Goal Range,Arctic Bird
Stilt Sandpiper,Calidris himantopus,Large Decrease,Below Goal Range,Arctic Bird
Surfbird,Calidris virgata,Moderate Decrease,Below Goal Range,Arctic Bird
Thick-billed Murre,Uria lomvia,Moderate Increase,Within Goal Range,Arctic Bird
Tundra Swan,Cygnus columbianus,Moderate Increase,Within Goal Range,Arctic Bird
Western Sandpiper,Calidris mauri,Little Change,Within Goal Range,Arctic Bird
Whimbrel,Numenius phaeopus,Large Decrease,Below Goal Range,Arctic Bird
White-rumped Sandpiper,Calidris fuscicollis,Moderate Decrease,Below Goal Range,Arctic Bird
Willow Ptarmigan,Lagopus lagopus,Little Change,Within Goal Range,Arctic Bird
Yellow-billed Loon,Gavia adamsii,Large Decrease,Below Goal Range,Arctic Bird
Acadian Flycatcher,Empidonax virescens,Moderate Decrease,Within Goal Range,Long-Distance Migrant
Alder Flycatcher,Empidonax alnorum,Little Change,Within Goal Range,Long-Distance Migrant
American Golden-Plover,Pluvialis dominica,Large Decrease,Below Goal Range,Long-Distance Migrant
American Redstart,Setophaga ruticilla,Little Change,Within Goal Range,Long-Distance Migrant
Arctic Tern,Sterna paradisaea,Data Deficient,Data Deficient,Long-Distance Migrant
Baird's Sandpiper,Calidris bairdii,Little Change,Within Goal Range,Long-Distance Migrant
Baltimore Oriole,Icterus galbula,Moderate Decrease,Below Goal Range,Long-Distance Migrant
Bank Swallow,Riparia riparia,Large Decrease,Below Goal Range,Long-Distance Migrant
Barn Swallow,Hirundo rustica,Large Decrease,Below Goal Range,Long-Distance Migrant
Bay-breasted Warbler,Setophaga castanea,Little Change,Within Goal Range,Long-Distance Migrant
Bicknell's Thrush,Catharus bicknelli,Large Decrease,Data Deficient,Long-Distance Migrant
Black Swift,Cypseloides niger,Large Decrease,Below Goal Range,Long-Distance Migrant
Black Tern,Chlidonias niger,Large Decrease,Below Goal Range,Long-Distance Migrant
Black-and-white Warbler,Mniotilta varia,Little Change,Within Goal Range,Long-Distance Migrant
Black-billed Cuckoo,Coccyzus erythropthalmus,Moderate Decrease,Below Goal Range,Long-Distance Migrant
Black-chinned Hummingbird,Archilochus alexandri,Large Increase,Within Goal Range,Long-Distance Migrant
Black-throated Blue Warbler,Setophaga caerulescens,Moderate Increase,Within Goal Range,Long-Distance Migrant
Black-throated Green Warbler,Setophaga virens,Moderate Decrease,Within Goal Range,Long-Distance Migrant
Blackburnian Warbler,Setophaga fusca,Little Change,Within Goal Range,Long-Distance Migrant
Blackpoll Warbler,Setophaga striata,Large Decrease,Below Goal Range,Long-Distance Migrant
Blue-winged Teal,Spatula discors,Little Change,Within Goal Range,Long-Distance Migrant
Bluethroat,Luscinia svecica,Data Deficient,Data Deficient,Long-Distance Migrant
Bobolink,Dolichonyx oryzivorus,Large Decrease,Below Goal Range,Long-Distance Migrant
Broad-winged Hawk,Buteo platypterus,Large Increase,Within Goal Range,Long-Distance Migrant
Buff-breasted Sandpiper,Calidris subruficollis,Large Decrease,Below Goal Range,Long-Distance Migrant
Bullock's Oriole,Icterus bullockii,Moderate Increase,Within Goal Range,Long-Distance Migrant
Calliope Hummingbird,Selasphorus calliope,Little Change,Within Goal Range,Long-Distance Migrant
Canada Warbler,Cardellina canadensis,Large Decrease,Below Goal Range,Long-Distance Migrant
Cape May Warbler,Setophaga tigrina,Large Increase,Within Goal Range,Long-Distance Migrant
Cerulean Warbler,Setophaga cerulea,Large Decrease,Below Goal Range,Long-Distance Migrant
Chestnut-sided Warbler,Setophaga pensylvanica,Little Change,Within Goal Range,Long-Distance Migrant
Chimney Swift,Chaetura pelagica,Large Decrease,Below Goal Range,Long-Distance Migrant
Chuck-will's-widow,Antrostomus carolinensis,Data Deficient,Data Deficient,Long-Distance Migrant
Cliff Swallow,Petrochelidon pyrrhonota,Large Decrease,Below Goal Range,Long-Distance Migrant
Common Nighthawk,Chordeiles minor,Large Decrease,Below Goal Range,Long-Distance Migrant
Common Ringed Plover,Charadrius hiaticula,Data Deficient,Data Deficient,Long-Distance Migrant
Common Tern,Sterna hirundo,Moderate Decrease,Below Goal Range,Long-Distance Migrant
Connecticut Warbler,Oporornis agilis,Large Decrease,Below Goal Range,Long-Distance Migrant
Eastern Kingbird,Tyrannus tyrannus,Moderate Decrease,Below Goal Range,Long-Distance Migrant
Eastern Wood-Pewee,Contopus virens,Large Decrease,Below Goal Range,Long-Distance Migrant
Eastern Yellow Wagtail,Motacilla tschutschensis,Data Deficient,Data Deficient,Long-Distance Migrant
Eskimo Curlew,Numenius borealis,Data Deficient,Data Deficient,Long-Distance Migrant
Flammulated Owl,Psiloscops flammeolus,Data Deficient,Data Deficient,Long-Distance Migrant
Franklin's Gull,Leucophaeus pipixcan,Moderate Decrease,Below Goal Range,Long-Distance Migrant
Golden-winged Warbler,Vermivora chrysoptera,Moderate Increase,Within Goal Range,Long-Distance Migrant
Gray-cheeked Thrush,Catharus minimus,Large Decrease,Below Goal Range,Long-Distance Migrant
Great Crested Flycatcher,Myiarchus crinitus,Moderate Decrease,Below Goal Range,Long-Distance Migrant
Hooded Warbler,Setophaga citrina,Large Increase,Within Goal Range,Long-Distance Migrant
Hudsonian Godwit,Limosa haemastica,Large Decrease,Below Goal Range,Long-Distance Migrant
Indigo Bunting,Passerina cyanea,Moderate Increase,Within Goal Range,Long-Distance Migrant
Kirtland's Warbler,Setophaga kirtlandii,Moderate Increase,Data Deficient,Long-Distance Migrant
Least Flycatcher,Empidonax minimus,Moderate Decrease,Below Goal Range,Long-Distance Migrant
Least Sandpiper,Calidris minutilla,Little Change,Within Goal Range,Long-Distance Migrant
Lesser Yellowlegs,Tringa flavipes,Large Decrease,Below Goal Range,Long-Distance Migrant
Long-tailed Jaeger,Stercorarius longicaudus,Data Deficient,Data Deficient,Long-Distance Migrant
Louisiana Waterthrush,Parkesia motacilla,Moderate Decrease,Within Goal Range,Long-Distance Migrant
Magnolia Warbler,Setophaga magnolia,Little Change,Within Goal Range,Long-Distance Migrant
Mourning Warbler,Geothlypis philadelphia,Large Decrease,Below Goal Range,Long-Distance Migrant
Nashville Warbler,Leiothlypis ruficapilla,Moderate Decrease,Below Goal Range,Long-Distance Migrant
Northern Parula,Setophaga americana,Large Increase,Within Goal Range,Long-Distance Migrant
Northern Waterthrush,Parkesia noveboracensis,Moderate Increase,Within Goal Range,Long-Distance Migrant
Northern Wheatear,Oenanthe oenanthe,Data Deficient,Data Deficient,Long-Distance Migrant
Olive-sided Flycatcher,Contopus cooperi,Large Decrease,Below Goal Range,Long-Distance Migrant
Orchard Oriole,Icterus spurius,Large Increase,Within Goal Range,Long-Distance Migrant
Osprey,Pandion haliaetus,Large Increase,Within Goal Range,Long-Distance Migrant
Ovenbird,Seiurus aurocapilla,Little Change,Within Goal Range,Long-Distance Migrant
Pacific Golden-Plover,Pluvialis fulva,Data Deficient,Data Deficient,Long-Distance Migrant
Parasitic Jaeger,Stercorarius parasiticus,Data Deficient,Data Deficient,Long-Distance Migrant
Pectoral Sandpiper,Calidris melanotos,Large Decrease,Below Goal Range,Long-Distance Migrant
Philadelphia Vireo,Vireo philadelphicus,Large Increase,Within Goal Range,Long-Distance Migrant
Pomarine Jaeger,Stercorarius pomarinus,Data Deficient,Data Deficient,Long-Distance Migrant
Prothonotary Warbler,Protonotaria citrea,Large Decrease,Below Goal Range,Long-Distance Migrant
Purple Martin,Progne subis,Moderate Increase,Within Goal Range,Long-Distance Migrant
Red Phalarope,Phalaropus fulicarius,Data Deficient,Data Deficient,Long-Distance Migrant
Red-eyed Vireo,Vireo olivaceus,Moderate Increase,Within Goal Range,Long-Distance Migrant
Red-necked Phalarope,Phalaropus lobatus,Data Deficient,Data Deficient,Long-Distance Migrant
Rose-breasted Grosbeak,Pheucticus ludovicianus,Little Change,Below Goal Range,Long-Distance Migrant
Roseate Tern,Sterna dougallii,Large Decrease,Below Goal Range,Long-Distance Migrant
Ruby-throated Hummingbird,Archilochus colubris,Moderate Increase,Within Goal Range,Long-Distance Migrant
Rufous Hummingbird,Selasphorus rufus,Large Decrease,Below Goal Range,Long-Distance Migrant
Sabine's Gull,Xema sabini,Data Deficient,Data Deficient,Long-Distance Migrant
Sanderling,Calidris alba,Moderate Decrease,Below Goal Range,Long-Distance Migrant
Scarlet Tanager,Piranga olivacea,Moderate Decrease,Below Goal Range,Long-Distance Migrant
Semipalmated Sandpiper,Calidris pusilla,Large Decrease,Below Goal Range,Long-Distance Migrant
Solitary Sandpiper,Tringa solitaria,Moderate Increase,Within Goal Range,Long-Distance Migrant
Spotted Sandpiper,Actitis macularius,Large Decrease,Below Goal Range,Long-Distance Migrant
Stilt Sandpiper,Calidris himantopus,Large Decrease,Below Goal Range,Long-Distance Migrant
Swainson's Hawk,Buteo swainsoni,Moderate Increase,Within Goal Range,Long-Distance Migrant
Swainson's Thrush,Catharus ustulatus,Little Change,Within Goal Range,Long-Distance Migrant
Tennessee Warbler,Leiothlypis peregrina,Little Change,Within Goal Range,Long-Distance Migrant
Upland Sandpiper,Bartramia longicauda,Moderate Increase,Within Goal Range,Long-Distance Migrant
Vaux's Swift,Chaetura vauxi,Moderate Decrease,Below Goal Range,Long-Distance Migrant
Veery,Catharus fuscescens,Little Change,Within Goal Range,Long-Distance Migrant
Violet-green Swallow,Tachycineta thalassina,Little Change,Within Goal Range,Long-Distance Migrant
Wandering Tattler,Tringa incana,Large Decrease,Below Goal Range,Long-Distance Migrant
Warbling Vireo,Vireo gilvus,Moderate Increase,Within Goal Range,Long-Distance Migrant
Western Kingbird,Tyrannus verticalis,Little Change,Within Goal Range,Long-Distance Migrant
Western Wood-Pewee,Contopus sordidulus,Large Decrease,Below Goal Range,Long-Distance Migrant
Whimbrel,Numenius phaeopus,Large Decrease,Below Goal Range,Long-Distance Migrant
White-rumped Sandpiper,Calidris fuscicollis,Moderate Decrease,Below Goal Range,Long-Distance Migrant
Willow Flycatcher,Empidonax traillii,Moderate Decrease,Below Goal Range,Long-Distance Migrant
Wilson's Phalarope,Phalaropus tricolor,Little Change,Within Goal Range,Long-Distance Migrant
Wood Thrush,Hylocichla mustelina,Large Decrease,Below Goal Range,Long-Distance Migrant
Yellow Warbler,Setophaga petechia,Little Change,Below Goal Range,Long-Distance Migrant
Yellow-bellied Flycatcher,Empidonax flaviventris,Large Increase,Within Goal Range,Long-Distance Migrant
Yellow-billed Cuckoo,Coccyzus americanus,Little Change,Within Goal Range,Long-Distance Migrant
Yellow-breasted Chat,Icteria virens,Little Change,Within Goal Range,Long-Distance Migrant
Yellow-throated Vireo,Vireo flavifrons,Large Increase,Within Goal Range,Long-Distance Migrant
American Avocet,Recurvirostra americana,Moderate Increase,Within Goal Range,Shorebird
American Golden-Plover,Pluvialis dominica,Large Decrease,Below Goal Range,Shorebird
American Oystercatcher,Haematopus palliatus,Data Deficient,Data Deficient,Shorebird
American Woodcock,Scolopax minor,Moderate Decrease,Below Goal Range,Shorebird
Baird's Sandpiper,Calidris bairdii,Little Change,Within Goal Range,Shorebird
Black Oystercatcher,Haematopus bachmani,Large Increase,Within Goal Range,Shorebird
Black Turnstone,Arenaria melanocephala,Little Change,Within Goal Range,Shorebird
Black-bellied Plover,Pluvialis squatarola,Large Decrease,Below Goal Range,Shorebird
Buff-breasted Sandpiper,Calidris subruficollis,Large Decrease,Below Goal Range,Shorebird
Common Ringed Plover,Charadrius hiaticula,Data Deficient,Data Deficient,Shorebird
Dunlin,Calidris alpina,Large Decrease,Below Goal Range,Shorebird
Eskimo Curlew,Numenius borealis,Data Deficient,Data Deficient,Shorebird
Greater Yellowlegs,Tringa melanoleuca,Large Increase,Within Goal Range,Shorebird
Hudsonian Godwit,Limosa haemastica,Large Decrease,Below Goal Range,Shorebird
Killdeer,Charadrius vociferus,Large Decrease,Below Goal Range,Shorebird
Least Sandpiper,Calidris minutilla,Little Change,Within Goal Range,Shorebird
Lesser Yellowlegs,Tringa flavipes,Large Decrease,Below Goal Range,Shorebird
Long-billed Curlew,Numenius americanus,Moderate Decrease,Below Goal Range,Shorebird
Long-billed Dowitcher,Limnodromus scolopaceus,Large Decrease,Below Goal Range,Shorebird
Marbled Godwit,Limosa fedoa,Large Decrease,Below Goal Range,Shorebird
Mountain Plover,Anarhynchus montanus,Data Deficient,Data Deficient,Shorebird
Pacific Golden-Plover,Pluvialis fulva,Data Deficient,Data Deficient,Shorebird
Pectoral Sandpiper,Calidris melanotos,Large Decrease,Below Goal Range,Shorebird
Piping Plover,Charadrius melodus,Moderate Decrease,Below Goal Range,Shorebird
Purple Sandpiper,Calidris maritima,Moderate Decrease,Below Goal Range,Shorebird
Red Knot,Calidris canutus,Data Deficient,Data Deficient,Shorebird
Red Phalarope,Phalaropus fulicarius,Data Deficient,Data Deficient,Shorebird
Red-necked Phalarope,Phalaropus lobatus,Data Deficient,Data Deficient,Shorebird
Rock Sandpiper,Calidris ptilocnemis,Large Decrease,Below Goal Range,Shorebird
Ruddy Turnstone,Arenaria interpres,Large Decrease,Below Goal Range,Shorebird
Sanderling,Calidris alba,Moderate Decrease,Below Goal Range,Shorebird
Semipalmated Plover,Charadrius semipalmatus,Moderate Decrease,Below Goal Range,Shorebird
Semipalmated Sandpiper,Calidris pusilla,Large Decrease,Below Goal Range,Shorebird
Short-billed Dowitcher,Limnodromus griseus,Large Decrease,Below Goal Range,Shorebird
Solitary Sandpiper,Tringa solitaria,Moderate Increase,Within Goal Range,Shorebird
Spotted Sandpiper,Actitis macularius,Large Decrease,Below Goal Range,Shorebird
Stilt Sandpiper,Calidris himantopus,Large Decrease,Below Goal Range,Shorebird
Surfbird,Calidris virgata,Moderate Decrease,Below Goal Range,Shorebird
Upland Sandpiper,Bartramia longicauda,Moderate Increase,Within Goal Range,Shorebird
Wandering Tattler,Tringa incana,Large Decrease,Below Goal Range,Shorebird
Western Sandpiper,Calidris mauri,Little Change,Within Goal Range,Shorebird
Whimbrel,Numenius phaeopus,Large Decrease,Below Goal Range,Shorebird
White-rumped Sandpiper,Calidris fuscicollis,Moderate Decrease,Below Goal Range,Shorebird
Willet,Tringa semipalmata,Little Change,Within Goal Range,Shorebird
Wilson's Phalarope,Phalaropus tricolor,Little Change,Within Goal Range,Shorebird
Wilson's Snipe,Gallinago delicata,Moderate Increase,Within Goal Range,Shorebird
Acadian Flycatcher,Empidonax virescens,Moderate Decrease,Within Goal Range,Aerial Insectivore
Alder Flycatcher,Empidonax alnorum,Little Change,Within Goal Range,Aerial Insectivore
Bank Swallow,Riparia riparia,Large Decrease,Below Goal Range,Aerial Insectivore
Barn Swallow,Hirundo rustica,Large Decrease,Below Goal Range,Aerial Insectivore
Black Swift,Cypseloides niger,Large Decrease,Below Goal Range,Aerial Insectivore
Chimney Swift,Chaetura pelagica,Large Decrease,Below Goal Range,Aerial Insectivore
Chuck-will's-widow,Antrostomus carolinensis,Data Deficient,Data Deficient,Aerial Insectivore
Cliff Swallow,Petrochelidon pyrrhonota,Large Decrease,Below Goal Range,Aerial Insectivore
Common Nighthawk,Chordeiles minor,Large Decrease,Below Goal Range,Aerial Insectivore
Common Poorwill,Phalaenoptilus nuttallii,Data Deficient,Data Deficient,Aerial Insectivore
Dusky Flycatcher,Empidonax oberholseri,Moderate Decrease,Below Goal Range,Aerial Insectivore
Eastern Kingbird,Tyrannus tyrannus,Moderate Decrease,Below Goal Range,Aerial Insectivore
Eastern Phoebe,Sayornis phoebe,Large Decrease,Below Goal Range,Aerial Insectivore
Eastern Whip-poor-will,Antrostomus vociferus,Moderate Decrease,Below Goal Range,Aerial Insectivore
Eastern Wood-Pewee,Contopus virens,Large Decrease,Below Goal Range,Aerial Insectivore
Great Crested Flycatcher,Myiarchus crinitus,Moderate Decrease,Below Goal Range,Aerial Insectivore
Hammond's Flycatcher,Empidonax hammondii,Moderate Increase,Within Goal Range,Aerial Insectivore
Least Flycatcher,Empidonax minimus,Moderate Decrease,Below Goal Range,Aerial Insectivore
Northern Rough-winged Swallow,Stelgidopteryx serripennis,Moderate Decrease,Below Goal Range,Aerial Insectivore
Olive-sided Flycatcher,Contopus cooperi,Large Decrease,Below Goal Range,Aerial Insectivore
Purple Martin,Progne subis,Moderate Increase,Within Goal Range,Aerial Insectivore
Say's Phoebe,Sayornis saya,Moderate Increase,Within Goal Range,Aerial Insectivore
Tree Swallow,Tachycineta bicolor,Moderate Decrease,Below Goal Range,Aerial Insectivore
Vaux's Swift,Chaetura vauxi,Moderate Decrease,Below Goal Range,Aerial Insectivore
Violet-green Swallow,Tachycineta thalassina,Little Change,Within Goal Range,Aerial Insectivore
Western Kingbird,Tyrannus verticalis,Little Change,Within Goal Range,Aerial Insectivore
Western Wood-Pewee,Contopus sordidulus,Large Decrease,Below Goal Range,Aerial Insectivore
White-throated Swift,Aeronautes saxatalis,Moderate Increase,Below Goal Range,Aerial Insectivore
Willow Flycatcher,Empidonax traillii,Moderate Decrease,Below Goal Range,Aerial Insectivore
Yellow-bellied Flycatcher,Empidonax flaviventris,Large Increase,Within Goal Range,Aerial Insectivore
